<?xml version="1.0" encoding="UTF-8"?>
<!DOCTYPE beans PUBLIC "-//SPRING//DTD BEAN 2.0//EN" "http://www.springframework.org/dtd/spring-beans-2.0.dtd">

<beans>
	<!-- <bean id="triangle" class="org.utsav.javabrains.Triangle" >
		 <property name="type" value="Equilateral" /> 
		 <constructor-arg value="Equilateral" /> 
		 <constructor-arg type="int" value="20" /> 
		<constructor-arg index="0" value="Equilateral" />
		<constructor-arg index="1" value="20" />    -->
		
		<bean id="triangle" class="org.utsav.javabrains.Triangle">
			<property name="pointA" ref="zeroPoint" />
			<property name="pointB">
				<bean id="point2" class="org.utsav.javabrains.Point" >
					<property name="x" value="-20" />
					<property name="y" value="0" />
				</bean>
			</property>
			<property name="pointC">
				<bean id="point3" class="org.utsav.javabrains.Point" >
					<property name="x" value="20" />
					<property name="y" value="0" />
				</bean>		
			</property>
		</bean>
		
		<bean id="zeroPoint" class="org.utsav.javabrains.Point" >
			<property name="x" value="0" />
			<property name="y" value="0" />
		</bean>
		
		
		
		
		
	
</beans>